acl	2.3.1-3
adduser	3.134
adwaita-icon-theme	43-1
alsa-topology-conf	1.2.5.1-2
alsa-ucm-conf	1.2.8-1
apparmor	3.0.8-3
apt	2.6.1
apt-listchanges	3.24
apt-transport-https	2.6.1
apt-utils	2.6.1
at-spi2-common	2.46.0-5
at-spi2-core	2.46.0-5
avahi-daemon	0.8-10+deb12u1
avahi-utils	0.8-10+deb12u1
base-files	12.4+deb12u13
base-passwd	3.6.1
bash	5.2.15-2+b10
bash-completion	1:2.11-6
bind9-host	1:9.18.47-1~deb12u1
bind9-libs:amd64	1:9.18.47-1~deb12u1
binutils	2.40-2
binutils-common:amd64	2.40-2
binutils-x86-64-linux-gnu	2.40-2
bsd-mailx	8.1.2-0.20220412cvs-1
bsdextrautils	2.38.1-5+deb12u3
bsdutils	1:2.38.1-5+deb12u3
build-essential	12.9
bzip2	1.0.8-5+b1
ca-certificates	20230311+deb12u1
chrome-remote-desktop	147.0.7727.3
chromium	146.0.7680.164-1~deb12u1
chromium-common	146.0.7680.164-1~deb12u1
chromium-sandbox	146.0.7680.164-1~deb12u1
cmake	3.25.1-1
cmake-data	3.25.1-1
colord	1.4.6-2.2
colord-data	1.4.6-2.2
containerd.io	2.2.2-1~debian.12~bookworm
coreutils	9.1-1
cpio	2.13+dfsg-7.1
cpp	4:12.2.0-3
cpp-12	12.2.0-14+deb12u1
cron	3.0pl1-162
cron-daemon-common	3.0pl1-162
cups-pk-helper	0.2.6-1+b1
curl	7.88.1-10+deb12u14
dash	0.5.12-2
dbus	1.14.10-1~deb12u1
dbus-bin	1.14.10-1~deb12u1
dbus-daemon	1.14.10-1~deb12u1
dbus-session-bus-common	1.14.10-1~deb12u1
dbus-system-bus-common	1.14.10-1~deb12u1
dbus-user-session	1.14.10-1~deb12u1
dbus-x11	1.14.10-1~deb12u1
dconf-gsettings-backend:amd64	0.40.0-4
dconf-service	0.40.0-4
debconf	1.5.82
debian-archive-keyring	2023.3+deb12u2
debianutils	5.7-0.5~deb12u1
desktop-base	12.0.6+nmu1~deb12u1
desktop-file-utils	0.26-1
dictionaries-common	1.29.5
diffutils	1:3.8-4
dirmngr	2.2.40-1.1+deb12u2
distro-info-data	0.58+deb12u6
dmidecode	3.4-1
dmsetup	2:1.02.185-2
docker-buildx-plugin	0.31.1-1~debian.12~bookworm
docker-ce	5:29.3.0-1~debian.12~bookworm
docker-ce-cli	5:29.3.0-1~debian.12~bookworm
docker-ce-rootless-extras	5:29.3.0-1~debian.12~bookworm
docker-compose-plugin	5.1.0-1~debian.12~bookworm
dosfstools	4.2-1
dpkg	1.21.22
dpkg-dev	1.21.22
e2fsprogs	1.47.0-2+b2
efibootmgr	17-2
eject	2.38.1-5+deb12u3
emacsen-common	3.0.5
ethtool	1:6.1-1
exfatprogs	1.2.0-1+deb12u1
exim4-base	4.96-15+deb12u7
exim4-config	4.96-15+deb12u7
exim4-daemon-light	4.96-15+deb12u7
exo-utils	4.18.0-1
fakeroot	1.31-1.2
fdisk	2.38.1-5+deb12u3
file	1:5.44-3
findutils	4.9.0-4
firmware-linux-free	20200122-1
fontconfig	2.14.1-4
fontconfig-config	2.14.1-4
fonts-dejavu-core	2.37-6
fonts-liberation	1:1.07.4-11
fonts-quicksand	0.2016-2.1
fuse3	3.14.0-4
g++	4:12.2.0-3
g++-12	12.2.0-14+deb12u1
gcc	4:12.2.0-3
gcc-12	12.2.0-14+deb12u1
gcc-12-base:amd64	12.2.0-14+deb12u1
gce-disk-expand	1:20200716.00-g1
gdisk	1.0.9-2.1
gettext-base	0.21-12
gir1.2-atk-1.0:amd64	2.46.0-5
gir1.2-freedesktop:amd64	1.74.0-3
gir1.2-gdkpixbuf-2.0:amd64	2.42.10+dfsg-1+deb12u3
gir1.2-glib-2.0:amd64	1.74.0-3
gir1.2-gtk-3.0:amd64	3.24.38-2~deb12u3
gir1.2-handy-1:amd64	1.8.1-1
gir1.2-harfbuzz-0.0:amd64	6.0.0+dfsg-3
gir1.2-notify-0.7:amd64	0.8.1-1
gir1.2-packagekitglib-1.0	1.2.6-5
gir1.2-pango-1.0:amd64	1.50.12+ds-1
gir1.2-polkit-1.0	122-3
gir1.2-secret-1:amd64	0.20.5-3
git	1:2.39.5-0+deb12u3
git-man	1:2.39.5-0+deb12u3
gnupg	2.2.40-1.1+deb12u2
gnupg-l10n	2.2.40-1.1+deb12u2
gnupg-utils	2.2.40-1.1+deb12u2
golang-1.19-go	1.19.8-2
golang-1.19-src	1.19.8-2
golang-go:amd64	2:1.19~1
golang-src	2:1.19~1
google-chrome-stable	146.0.7680.177-1
google-cloud-cli	560.0.0-0
google-cloud-cli-anthoscli	560.0.0-0
google-cloud-ops-agent	2.64.0~debian12
google-cloud-packages-archive-keyring	1.2-629101324
google-compute-engine	1:20260121.00-g1
google-compute-engine-oslogin	1:20260217.00-g1+deb12
google-guest-agent	1:20260228.00-g1
google-osconfig-agent	1:20260119.00-g1
gpg	2.2.40-1.1+deb12u2
gpg-agent	2.2.40-1.1+deb12u2
gpg-wks-client	2.2.40-1.1+deb12u2
gpg-wks-server	2.2.40-1.1+deb12u2
gpgconf	2.2.40-1.1+deb12u2
gpgsm	2.2.40-1.1+deb12u2
gpgv	2.2.40-1.1+deb12u2
grep	3.8-5
groff-base	1.22.4-10
grub-cloud-amd64	0.0.5
grub-common	2.06-13+deb12u1
grub-efi-amd64-bin	2.06-13+deb12u1
grub-efi-amd64-signed	1+2.06+13+deb12u1
grub-pc-bin	2.06-13+deb12u1
grub2-common	2.06-13+deb12u1
gsettings-desktop-schemas	43.0-1
gstreamer1.0-plugins-base:amd64	1.22.0-3+deb12u6
gtk-update-icon-cache	3.24.38-2~deb12u3
gvfs:amd64	1.50.3-1
gvfs-common	1.50.3-1
gvfs-daemons	1.50.3-1
gvfs-libs:amd64	1.50.3-1
gzip	1.12-1
haveged	1.9.14-1+b1
hicolor-icon-theme	0.17-2
hostname	3.23+nmu1
i965-va-driver:amd64	2.4.1+dfsg1-1
init	1.65.2+deb12u1
init-system-helpers	1.65.2+deb12u1
initramfs-tools	0.142+deb12u3
initramfs-tools-core	0.142+deb12u3
intel-media-va-driver:amd64	23.1.1+dfsg1-1
ipp-usb	0.9.23-1+b4
iproute2	6.1.0-3
iptables	1.8.9-2
iputils-ping	3:20221126-1+deb12u1
isc-dhcp-client	4.4.3-P1-2
isc-dhcp-common	4.4.3-P1-2
iso-codes	4.15.0-1
javascript-common	11+nmu1
jq	1.6-2.1+deb12u1
keyboard-configuration	1.221
klibc-utils	2.0.12-1
kmod	30+20221128-1
krb5-locales	1.20.1-2+deb12u4
less	590-2.1~deb12u2
libaacs0:amd64	0.11.1-2
libabsl20220623:amd64	20220623.1-1+deb12u2
libacl1:amd64	2.3.1-3
libalgorithm-diff-perl	1.201-1
libalgorithm-diff-xs-perl:amd64	0.04-8+b1
libalgorithm-merge-perl	0.08-5
libaom3:amd64	3.6.0-1+deb12u2
libapparmor1:amd64	3.0.8-3
libapt-pkg6.0:amd64	2.6.1
libarchive13:amd64	3.6.2-1+deb12u3
libargon2-1:amd64	0~20171227-0.3+deb12u1
libasan8:amd64	12.2.0-14+deb12u1
libasound2:amd64	1.2.8-1+b1
libasound2-data	1.2.8-1
libasound2-plugins:amd64	1.2.7.1-1
libassuan0:amd64	2.5.5-5
libasyncns0:amd64	0.8-6+b3
libatasmart4:amd64	0.19-5
libatk-bridge2.0-0:amd64	2.46.0-5
libatk1.0-0:amd64	2.46.0-5
libatkmm-1.6-1v5:amd64	2.28.3-1
libatm1:amd64	1:2.5.1-4+b2
libatomic1:amd64	12.2.0-14+deb12u1
libatspi2.0-0:amd64	2.46.0-5
libattr1:amd64	1:2.5.1-4
libaudit-common	1:3.0.9-1
libaudit1:amd64	1:3.0.9-1
libauthen-sasl-perl	2.1600-3
libavahi-client3:amd64	0.8-10+deb12u1
libavahi-common-data:amd64	0.8-10+deb12u1
libavahi-common3:amd64	0.8-10+deb12u1
libavahi-core7:amd64	0.8-10+deb12u1
libavcodec59:amd64	7:5.1.8-0+deb12u1
libavif15:amd64	0.11.1-1+deb12u1
libavutil57:amd64	7:5.1.8-0+deb12u1
libbdplus0:amd64	0.2.0-3
libbinutils:amd64	2.40-2
libblkid1:amd64	2.38.1-5+deb12u3
libblockdev-crypto2:amd64	2.28-2+deb12u1
libblockdev-fs2:amd64	2.28-2+deb12u1
libblockdev-loop2:amd64	2.28-2+deb12u1
libblockdev-part-err2:amd64	2.28-2+deb12u1
libblockdev-part2:amd64	2.28-2+deb12u1
libblockdev-swap2:amd64	2.28-2+deb12u1
libblockdev-utils2:amd64	2.28-2+deb12u1
libblockdev2:amd64	2.28-2+deb12u1
libbluray2:amd64	1:1.3.4-1
libbpf1:amd64	1:1.1.2-0+deb12u1
libbrotli1:amd64	1.0.9-2+b6
libbsd0:amd64	0.11.7-2
libbz2-1.0:amd64	1.0.8-5+b1
libc-bin	2.36-9+deb12u13
libc-dev-bin	2.36-9+deb12u13
libc-devtools	2.36-9+deb12u13
libc6:amd64	2.36-9+deb12u13
libc6-dev:amd64	2.36-9+deb12u13
libcairo-gobject2:amd64	1.16.0-7
libcairo2:amd64	1.16.0-7
libcairomm-1.0-1v5:amd64	1.14.4-2
libcanberra-gtk3-0:amd64	0.30-10
libcanberra-gtk3-module:amd64	0.30-10
libcanberra0:amd64	0.30-10
libcap-ng0:amd64	0.8.3-1+b3
libcap2:amd64	1:2.66-4+deb12u2+b2
libcap2-bin	1:2.66-4+deb12u2+b2
libcbor0.8:amd64	0.8.0-2+b1
libcc1-0:amd64	12.2.0-14+deb12u1
libcdparanoia0:amd64	3.10.2+debian-14
libclone-perl:amd64	0.46-1
libcodec2-1.0:amd64	1.0.5-1
libcolord2:amd64	1.4.6-2.2
libcolorhug2:amd64	1.4.6-2.2
libcom-err2:amd64	1.47.0-2+b2
libcrypt-dev:amd64	1:4.4.33-2
libcrypt1:amd64	1:4.4.33-2
libcryptsetup12:amd64	2:2.6.1-4~deb12u2
libctf-nobfd0:amd64	2.40-2
libctf0:amd64	2.40-2
libcups2:amd64	2.4.2-3+deb12u9
libcurl3-gnutls:amd64	7.88.1-10+deb12u14
libcurl4:amd64	7.88.1-10+deb12u14
libdaemon0:amd64	0.14-7.1
libdata-dump-perl	1.25-1
libdatrie1:amd64	0.2.13-2+b1
libdav1d6:amd64	1.0.0-2+deb12u1
libdb5.3:amd64	5.3.28+dfsg2-1
libdbus-1-3:amd64	1.14.10-1~deb12u1
libdbusmenu-glib4:amd64	18.10.20180917~bzr492+repack1-3
libdbusmenu-gtk3-4:amd64	18.10.20180917~bzr492+repack1-3
libdconf1:amd64	0.40.0-4
libde265-0:amd64	1.0.11-1+deb12u2
libdebconfclient0:amd64	0.270
libdeflate0:amd64	1.14-1
libdevmapper1.02.1:amd64	2:1.02.185-2
libdouble-conversion3:amd64	3.2.1-1
libdpkg-perl	1.21.22
libdrm-amdgpu1:amd64	2.4.114-1+b1
libdrm-common	2.4.114-1
libdrm-intel1:amd64	2.4.114-1+b1
libdrm-nouveau2:amd64	2.4.114-1+b1
libdrm-radeon1:amd64	2.4.114-1+b1
libdrm2:amd64	2.4.114-1+b1
libduktape207:amd64	2.7.0-2
libdw1:amd64	0.188-2.1
libedit2:amd64	3.1-20221030-2
libefiboot1:amd64	37-6
libefivar1:amd64	37-6
libegl-mesa0:amd64	22.3.6-1+deb12u1
libegl1:amd64	1.6.0-1
libelf1:amd64	0.188-2.1
libencode-locale-perl	1.05-3
libepoxy0:amd64	1.5.10-1
liberror-perl	0.17029-2
libestr0:amd64	0.1.11-1
libevdev2:amd64	1.13.0+dfsg-1
libevent-2.1-7:amd64	2.1.12-stable-8
libexif12:amd64	0.6.24-1+b1
libexo-2-0:amd64	4.18.0-1
libexo-common	4.18.0-1
libexpat1:amd64	2.5.0-1+deb12u2
libexpat1-dev:amd64	2.5.0-1+deb12u2
libext2fs2:amd64	1.47.0-2+b2
libfakeroot:amd64	1.31-1.2
libfastjson4:amd64	1.2304.0-1
libfdisk1:amd64	2.38.1-5+deb12u3
libffi8:amd64	3.4.4-1
libfftw3-single3:amd64	3.3.10-1
libfido2-1:amd64	1.12.0-2+b1
libfile-basedir-perl	0.09-2
libfile-desktopentry-perl	0.22-3
libfile-fcntllock-perl	0.22-4+b1
libfile-listing-perl	6.15-1
libfile-mimeinfo-perl	0.33-1
libflac12:amd64	1.4.2+ds-2
libfont-afm-perl	1.20-4
libfontconfig1:amd64	2.14.1-4
libfontenc1:amd64	1:1.1.4-1
libfreetype6:amd64	2.12.1+dfsg-5+deb12u4
libfribidi0:amd64	1.0.8-2.1
libfstrm0:amd64	0.6.1-1
libfuse2:amd64	2.9.9-6+b1
libfuse3-3:amd64	3.14.0-4
libgarcon-1-0:amd64	4.18.0-1
libgarcon-common	4.18.0-1
libgarcon-gtk3-1-0:amd64	4.18.0-1
libgav1-1:amd64	0.18.0-1+b1
libgbm1:amd64	22.3.6-1+deb12u1
libgcc-12-dev:amd64	12.2.0-14+deb12u1
libgcc-s1:amd64	12.2.0-14+deb12u1
libgck-1-0:amd64	3.41.1-1+b1
libgcr-base-3-1:amd64	3.41.1-1+b1
libgcrypt20:amd64	1.10.1-3
libgd3:amd64	2.3.3-9
libgdbm-compat4:amd64	1.23-3
libgdbm6:amd64	1.23-3
libgdk-pixbuf-2.0-0:amd64	2.42.10+dfsg-1+deb12u3
libgdk-pixbuf2.0-bin	2.42.10+dfsg-1+deb12u3
libgdk-pixbuf2.0-common	2.42.10+dfsg-1+deb12u3
libgirepository-1.0-1:amd64	1.74.0-3
libgl1:amd64	1.6.0-1
libgl1-mesa-dri:amd64	22.3.6-1+deb12u1
libglapi-mesa:amd64	22.3.6-1+deb12u1
libgles2:amd64	1.6.0-1
libglib2.0-0:amd64	2.74.6-2+deb12u8
libglib2.0-data	2.74.6-2+deb12u8
libglibmm-2.4-1v5:amd64	2.66.5-2
libglu1-mesa:amd64	9.0.2-1.1
libglvnd0:amd64	1.6.0-1
libglx-mesa0:amd64	22.3.6-1+deb12u1
libglx0:amd64	1.6.0-1
libgmp10:amd64	2:6.2.1+dfsg1-1.1
libgnutls-dane0:amd64	3.7.9-2+deb12u6
libgnutls30:amd64	3.7.9-2+deb12u6
libgomp1:amd64	12.2.0-14+deb12u1
libgpg-error0:amd64	1.46-1
libgpgme11:amd64	1.18.0-3+b1
libgphoto2-6:amd64	2.5.30-1
libgphoto2-l10n	2.5.30-1
libgphoto2-port12:amd64	2.5.30-1
libgpm2:amd64	1.20.7-10+b1
libgprofng0:amd64	2.40-2
libgraphite2-3:amd64	1.3.14-1
libgsm1:amd64	1.0.22-1
libgssapi-krb5-2:amd64	1.20.1-2+deb12u4
libgstreamer-plugins-base1.0-0:amd64	1.22.0-3+deb12u6
libgstreamer1.0-0:amd64	1.22.0-2+deb12u1
libgtk-3-0:amd64	3.24.38-2~deb12u3
libgtk-3-bin	3.24.38-2~deb12u3
libgtk-3-common	3.24.38-2~deb12u3
libgtkmm-3.0-1v5:amd64	3.24.7-1
libgtop-2.0-11:amd64	2.40.0-2
libgtop2-common	2.40.0-2
libgudev-1.0-0:amd64	237-2
libgusb2:amd64	0.3.10-1
libhandy-1-0:amd64	1.8.1-1
libharfbuzz-subset0:amd64	6.0.0+dfsg-3
libharfbuzz0b:amd64	6.0.0+dfsg-3
libhavege2:amd64	1.9.14-1+b1
libheif1:amd64	1.15.1-1+deb12u1
libhogweed6:amd64	3.8.1-2
libhtml-form-perl	6.11-1
libhtml-format-perl	2.16-2
libhtml-parser-perl:amd64	3.81-1
libhtml-tagset-perl	3.20-6
libhtml-tree-perl	5.07-3
libhttp-cookies-perl	6.10-1
libhttp-daemon-perl	6.16-1
libhttp-date-perl	6.05-2
libhttp-message-perl	6.44-1
libhttp-negotiate-perl	6.01-2
libhwy1:amd64	1.0.3-3+deb12u1
libice6:amd64	2:1.0.10-1
libicu72:amd64	72.1-3+deb12u1
libidn12:amd64	1.41-1
libidn2-0:amd64	2.3.3-1+b1
libieee1284-3:amd64	0.2.11-14
libigdgmm12:amd64	22.3.3+ds1-1
libinput-bin	1.22.1-1
libinput10:amd64	1.22.1-1
libio-html-perl	1.004-3
libio-socket-ssl-perl	2.081-2
libio-stringy-perl	2.111-3
libip4tc2:amd64	1.8.9-2
libip6tc2:amd64	1.8.9-2
libipc-system-simple-perl	1.30-2
libisl23:amd64	0.25-1.1
libitm1:amd64	12.2.0-14+deb12u1
libjack-jackd2-0:amd64	1.9.21~dfsg-3
libjansson4:amd64	2.14-2
libjbig0:amd64	2.1-6.1
libjemalloc2:amd64	5.3.0-1
libjpeg-turbo-progs	1:2.1.5-2
libjpeg62-turbo:amd64	1:2.1.5-2
libjq1:amd64	1.6-2.1+deb12u1
libjs-jquery	3.6.1+dfsg+~3.5.14-1
libjs-sphinxdoc	5.3.0-4
libjs-underscore	1.13.4~dfsg+~1.11.4-3
libjson-c5:amd64	0.16-2
libjson-glib-1.0-0:amd64	1.6.6-1
libjson-glib-1.0-common	1.6.6-1
libjsoncpp25:amd64	1.9.5-4
libjxl0.7:amd64	0.7.0-10+deb12u1
libk5crypto3:amd64	1.20.1-2+deb12u4
libkeybinder-3.0-0:amd64	0.3.2-1.1
libkeyutils1:amd64	1.6.3-2
libklibc:amd64	2.0.12-1
libkmod2:amd64	30+20221128-1
libkrb5-3:amd64	1.20.1-2+deb12u4
libkrb5support0:amd64	1.20.1-2+deb12u4
libksba8:amd64	1.6.3-2
liblcms2-2:amd64	2.14-2
libldap-2.5-0:amd64	2.5.13+dfsg-5
libldap-common	2.5.13+dfsg-5
libldb2:amd64	2:2.6.2+samba4.17.12+dfsg-0+deb12u3
liblerc4:amd64	4.0.0+ds-2
liblilv-0-0:amd64	0.24.14-1
libllvm15:amd64	1:15.0.6-4+b1
liblmdb0:amd64	0.9.24-1
liblocale-gettext-perl	1.07-5
liblockfile-bin	1.17-1+b1
liblockfile1:amd64	1.17-1+b1
liblognorm5:amd64	2.0.6-4
liblsan0:amd64	12.2.0-14+deb12u1
libltdl7:amd64	2.4.7-7~deb12u1
liblua5.3-0:amd64	5.3.6-2
liblwp-mediatypes-perl	6.04-2
liblwp-protocol-https-perl	6.10-1
liblz4-1:amd64	1.9.4-1
liblzma5:amd64	5.4.1-1
libmagic-mgc	1:5.44-3
libmagic1:amd64	1:5.44-3
libmailtools-perl	2.21-2
libmaxminddb0:amd64	1.7.1-1
libmd0:amd64	1.0.4-2
libmfx1:amd64	22.5.4-1
libminizip1:amd64	1.1-8+deb12u1
libmnl0:amd64	1.0.4-3
libmount1:amd64	2.38.1-5+deb12u3
libmp3lame0:amd64	3.100-6
libmpc3:amd64	1.3.1-1
libmpfr6:amd64	4.2.0-1
libmpg123-0:amd64	1.31.2-1+deb12u1
libmtdev1:amd64	1.1.6-1
libncursesw6:amd64	6.4-4
libnet-dbus-perl	1.2.0-2
libnet-http-perl	6.22-1
libnet-smtp-ssl-perl	1.04-2
libnet-ssleay-perl:amd64	1.92-2+b1
libnetfilter-conntrack3:amd64	1.0.9-3
libnetplan0:amd64	0.106-2+deb12u1
libnettle8:amd64	3.8.1-2
libnewt0.52:amd64	0.52.23-1+b1
libnfnetlink0:amd64	1.0.2-2
libnftables1:amd64	1.0.6-2+deb12u2
libnftnl11:amd64	1.2.4-2
libnghttp2-14:amd64	1.52.0-1+deb12u2
libnotify-bin	0.8.1-1
libnotify4:amd64	0.8.1-1
libnpth0:amd64	1.6-3
libnsl-dev:amd64	1.3.0-2
libnsl2:amd64	1.3.0-2
libnspr4:amd64	2:4.35-1
libnss-mdns:amd64	0.15.1-3
libnss-myhostname:amd64	252.39-1~deb12u1
libnss3:amd64	2:3.87.1-1+deb12u2
libntfs-3g89:amd64	1:2022.10.3-1+deb12u2
libnuma1:amd64	2.0.16-1
libnvme1	1.3-1+deb12u1
libogg0:amd64	1.3.5-3
libonig5:amd64	6.9.8-1
libopengl0:amd64	1.6.0-1
libopenh264-7:amd64	2.3.1+dfsg-3+deb12u2
libopenjp2-7:amd64	2.5.0-2+deb12u2
libopus0:amd64	1.3.1-3
liborc-0.4-0:amd64	1:0.4.33-2
libp11-kit0:amd64	0.24.1-2
libpackagekit-glib2-18:amd64	1.2.6-5
libpam-cap:amd64	1:2.66-4+deb12u2+b2
libpam-modules:amd64	1.5.2-6+deb12u2
libpam-modules-bin	1.5.2-6+deb12u2
libpam-runtime	1.5.2-6+deb12u2
libpam-systemd:amd64	252.39-1~deb12u1
libpam0g:amd64	1.5.2-6+deb12u2
libpango-1.0-0:amd64	1.50.12+ds-1
libpangocairo-1.0-0:amd64	1.50.12+ds-1
libpangoft2-1.0-0:amd64	1.50.12+ds-1
libpangomm-1.4-1v5:amd64	2.46.3-1
libpangoxft-1.0-0:amd64	1.50.12+ds-1
libparted-fs-resize0:amd64	3.5-3
libparted2:amd64	3.5-3
libpcap0.8:amd64	1.10.3-1
libpci3:amd64	1:3.9.0-4
libpciaccess0:amd64	0.17-2
libpcre2-8-0:amd64	10.42-1
libperl5.36:amd64	5.36.0-7+deb12u3
libpipeline1:amd64	1.5.7-1
libpipewire-0.3-0:amd64	0.3.65-3+deb12u1
libpipewire-0.3-common	0.3.65-3+deb12u1
libpipewire-0.3-modules:amd64	0.3.65-3+deb12u1
libpixman-1-0:amd64	0.42.2-1
libpkgconf3:amd64	1.8.1-1
libplymouth5:amd64	22.02.122-3
libpng16-16:amd64	1.6.39-2+deb12u4
libpolkit-agent-1-0:amd64	122-3
libpolkit-gobject-1-0:amd64	122-3
libpoppler-glib8:amd64	22.12.0-2+deb12u1
libpoppler126:amd64	22.12.0-2+deb12u1
libpopt0:amd64	1.19+dfsg-1
libproc2-0:amd64	2:4.0.2-3
libprotobuf-c1:amd64	1.4.1-1+b1
libpsl5:amd64	0.21.2-1
libpulse-mainloop-glib0:amd64	16.1+dfsg1-2+b1
libpulse0:amd64	16.1+dfsg1-2+b1
libpulsedsp:amd64	16.1+dfsg1-2+b1
libpython3-dev:amd64	3.11.2-1+b1
libpython3-stdlib:amd64	3.11.2-1+b1
libpython3.11:amd64	3.11.2-6+deb12u6
libpython3.11-dev:amd64	3.11.2-6+deb12u6
libpython3.11-minimal:amd64	3.11.2-6+deb12u6
libpython3.11-stdlib:amd64	3.11.2-6+deb12u6
libquadmath0:amd64	12.2.0-14+deb12u1
librav1e0:amd64	0.5.1-6
libreadline8:amd64	8.2-1.3
libregexp-ipv6-perl	0.03-3
librhash0:amd64	1.4.3-3
librsvg2-2:amd64	2.54.7+dfsg-1~deb12u1
librsvg2-common:amd64	2.54.7+dfsg-1~deb12u1
librtmp1:amd64	2.4+20151223.gitfa8646d.1-2+b2
libsamplerate0:amd64	0.2.2-3
libsane-common	1.2.1-2
libsane1:amd64	1.2.1-2
libsasl2-2:amd64	2.1.28+dfsg-10
libsasl2-modules:amd64	2.1.28+dfsg-10
libsasl2-modules-db:amd64	2.1.28+dfsg-10
libseccomp2:amd64	2.5.4-1+deb12u1
libsecret-1-0:amd64	0.20.5-3
libsecret-common	0.20.5-3
libselinux1:amd64	3.4-1+b6
libsemanage-common	3.4-1
libsemanage2:amd64	3.4-1+b5
libsensors-config	1:3.6.0-7.1
libsensors5:amd64	1:3.6.0-7.1
libsepol2:amd64	3.4-2.1
libserd-0-0:amd64	0.30.16-1
libshine3:amd64	3.1.1-2
libsigc++-2.0-0v5:amd64	2.12.0-1
libslang2:amd64	2.3.3-3
libslirp0:amd64	4.7.0-1
libsm6:amd64	2:1.2.3-1
libsmartcols1:amd64	2.38.1-5+deb12u3
libsmbclient:amd64	2:4.17.12+dfsg-0+deb12u3
libsnappy1v5:amd64	1.1.9-3
libsndfile1:amd64	1.2.0-1+deb12u1
libsnmp-base	5.9.3+dfsg-2+deb12u1
libsnmp40:amd64	5.9.3+dfsg-2+deb12u1
libsodium23:amd64	1.0.18-1+deb12u1
libsord-0-0:amd64	0.16.14+git221008-1
libsoxr0:amd64	0.1.3-4
libspa-0.2-modules:amd64	0.3.65-3+deb12u1
libspeex1:amd64	1.2.1-2
libspeexdsp1:amd64	1.2.1-1
libsqlite3-0:amd64	3.40.1-2+deb12u2
libsratom-0-0:amd64	0.6.14-1
libss2:amd64	1.47.0-2+b2
libssh2-1:amd64	1.10.0-3+b1
libssl3:amd64	3.0.18-1~deb12u2
libstartup-notification0:amd64	0.12-6+b1
libstdc++-12-dev:amd64	12.2.0-14+deb12u1
libstdc++6:amd64	12.2.0-14+deb12u1
libsvtav1enc1:amd64	1.4.1+dfsg-1
libswresample4:amd64	7:5.1.8-0+deb12u1
libsystemd-shared:amd64	252.39-1~deb12u1
libsystemd0:amd64	252.39-1~deb12u1
libtalloc2:amd64	2.4.0-f2
libtasn1-6:amd64	4.19.0-2+deb12u1
libtdb1:amd64	1.4.8-2
libtevent0:amd64	0.14.1-1
libtext-iconv-perl:amd64	1.7-8
libthai-data	0.1.29-1
libthai0:amd64	0.1.29-1
libtheora0:amd64	1.1.1+dfsg.1-16.1+deb12u1
libthunarx-3-0:amd64	4.18.4-1
libtie-ixhash-perl	1.23-4
libtiff6:amd64	4.5.0-6+deb12u3
libtimedate-perl	2.3300-2
libtinfo6:amd64	6.4-4
libtirpc-common	1.3.3+ds-1
libtirpc-dev:amd64	1.3.3+ds-1
libtirpc3:amd64	1.3.3+ds-1
libtry-tiny-perl	0.31-2
libtsan2:amd64	12.2.0-14+deb12u1
libtumbler-1-0:amd64	4.18.0-1
libturbojpeg0:amd64	1:2.1.5-2
libtwolame0:amd64	0.4.0-2
libubsan1:amd64	12.2.0-14+deb12u1
libuchardet0:amd64	0.0.7-1
libudev1:amd64	252.39-1~deb12u1
libudfread0:amd64	1.1.2-1
libudisks2-0:amd64	2.9.4-4+deb12u2
libunbound8:amd64	1.17.1-2+deb12u4
libunistring2:amd64	1.0-2
libunwind8:amd64	1.6.2-3
libupower-glib3:amd64	0.99.20-2
liburi-perl	5.17-1
libusb-1.0-0:amd64	2:1.0.26-1
libutempter0:amd64	1.2.1-3
libuuid1:amd64	2.38.1-5+deb12u3
libuv1:amd64	1.44.2-1+deb12u1
libva-drm2:amd64	2.17.0-1
libva-x11-2:amd64	2.17.0-1
libva2:amd64	2.17.0-1
libvdpau-va-gl1:amd64	0.4.2-1+b1
libvdpau1:amd64	1.5-2
libvisual-0.4-0:amd64	0.4.0-19
libvolume-key1:amd64	0.3.12-5+b1
libvorbis0a:amd64	1.3.7-1
libvorbisenc2:amd64	1.3.7-1
libvorbisfile3:amd64	1.3.7-1
libvpx7:amd64	1.12.0-1+deb12u5
libvulkan1:amd64	1.3.239.0-1
libwacom-common	2.6.0-1
libwacom9:amd64	2.6.0-1
libwayland-client0:amd64	1.21.0-1
libwayland-cursor0:amd64	1.21.0-1
libwayland-egl1:amd64	1.21.0-1
libwayland-server0:amd64	1.21.0-1
libwbclient0:amd64	2:4.17.12+dfsg-0+deb12u3
libwebp7:amd64	1.2.4-0.2+deb12u1
libwebpmux3:amd64	1.2.4-0.2+deb12u1
libwebrtc-audio-processing1:amd64	0.3-1+b1
libwireplumber-0.4-0:amd64	0.4.13-1
libwnck-3-0:amd64	43.0-3
libwnck-3-common	43.0-3
libwrap0:amd64	7.6.q-32
libwww-perl	6.68-1
libwww-robotrules-perl	6.02-1
libx11-6:amd64	2:1.8.4-2+deb12u2
libx11-data	2:1.8.4-2+deb12u2
libx11-protocol-perl	0.56-9
libx11-xcb1:amd64	2:1.8.4-2+deb12u2
libx264-164:amd64	2:0.164.3095+gitbaee400-3
libx265-199:amd64	3.5-2+b1
libxau6:amd64	1:1.0.9-1
libxaw7:amd64	2:1.0.14-1
libxcb-damage0:amd64	1.15-1
libxcb-dri2-0:amd64	1.15-1
libxcb-dri3-0:amd64	1.15-1
libxcb-glx0:amd64	1.15-1
libxcb-present0:amd64	1.15-1
libxcb-randr0:amd64	1.15-1
libxcb-render0:amd64	1.15-1
libxcb-shape0:amd64	1.15-1
libxcb-shm0:amd64	1.15-1
libxcb-sync1:amd64	1.15-1
libxcb-util1:amd64	0.4.0-1+b1
libxcb-xfixes0:amd64	1.15-1
libxcb1:amd64	1.15-1
libxcomposite1:amd64	1:0.4.5-1
libxcursor1:amd64	1:1.2.1-1
libxcvt0:amd64	0.1.2-1
libxdamage1:amd64	1:1.1.6-1
libxdmcp6:amd64	1:1.1.2-3
libxext6:amd64	2:1.3.4-1+b1
libxfce4panel-2.0-4	4.18.2-1
libxfce4ui-2-0:amd64	4.18.2-2
libxfce4ui-common	4.18.2-2
libxfce4ui-utils	4.18.2-2
libxfce4util-bin	4.18.1-2
libxfce4util-common	4.18.1-2
libxfce4util7:amd64	4.18.1-2
libxfconf-0-3:amd64	4.18.0-2
libxfixes3:amd64	1:6.0.0-2
libxfont2:amd64	1:2.0.6-1
libxft2:amd64	2.3.6-1
libxi6:amd64	2:1.8-1+b1
libxinerama1:amd64	2:1.1.4-3
libxkbcommon0:amd64	1.5.0-1
libxkbfile1:amd64	1:1.1.0-1
libxklavier16:amd64	5.4-4
libxml-parser-perl	2.46-4+deb12u1
libxml-twig-perl	1:3.52-2
libxml-xpathengine-perl	0.14-2
libxml2:amd64	2.9.14+dfsg-1.3~deb12u5
libxmu6:amd64	2:1.1.3-3
libxmuu1:amd64	2:1.1.3-3
libxnvctrl0:amd64	525.85.05-3~deb12u1
libxpm4:amd64	1:3.5.12-1.1+deb12u1
libxpresent1:amd64	1.0.0-2+b10
libxrandr2:amd64	2:1.5.2-2+b1
libxrender1:amd64	1:0.9.10-1.1
libxres1:amd64	2:1.2.1-1
libxshmfence1:amd64	1.3-1
libxss1:amd64	1:1.2.3-1
libxt6:amd64	1:1.2.1-1.1
libxtables12:amd64	1.8.9-2
libxtst6:amd64	2:1.2.3-1.1
libxv1:amd64	2:1.0.11-1.1
libxvidcore4:amd64	2:1.3.7-1
libxxf86dga1:amd64	2:1.1.5-1
libxxf86vm1:amd64	1:1.1.4-1+b2
libxxhash0:amd64	0.8.1-1
libyaml-0-2:amd64	0.2.5-1
libyuv0:amd64	0.0~git20230123.b2528b0-1
libz3-4:amd64	4.8.12-3.1
libzstd1:amd64	1.5.4+dfsg2-5
libzvbi-common	0.2.41-1
libzvbi0:amd64	0.2.41-1
linux-base	4.9
linux-image-6.1.0-43-cloud-amd64	6.1.162-1
linux-image-6.1.0-44-cloud-amd64	6.1.164-1
linux-image-cloud-amd64	6.1.164-1
linux-libc-dev:amd64	6.1.164-1
login	1:4.13+dfsg1-1+deb12u2
logrotate	3.21.0-1
logsave	1.47.0-2+b2
lsb-release	12.0-1
lsof	4.95.0-1
make	4.3-4.1
man-db	2.11.2-2
manpages	6.03-2
manpages-dev	6.03-2
mawk	1.3.4.20200120-3.1
media-types	10.0.0
mesa-va-drivers:amd64	22.3.6-1+deb12u1
mesa-vdpau-drivers:amd64	22.3.6-1+deb12u1
mesa-vulkan-drivers:amd64	22.3.6-1+deb12u1
miscfiles	1.5+dfsg-4
mokutil	0.6.0-2
mount	2.38.1-5+deb12u3
nano	7.2-1+deb12u1
ncurses-base	6.4-4
ncurses-bin	6.4-4
net-tools	2.10-0.1+deb12u2
netbase	6.4
netplan.io	0.106-2+deb12u1
networkd-dispatcher	2.2.3-1
nftables	1.0.6-2+deb12u2
nodejs	22.22.1-1nodesource1
notification-daemon	3.20.0-4+b1
ntfs-3g	1:2022.10.3-1+deb12u2
nvme-cli	2.4+really2.3-3
ocl-icd-libopencl1:amd64	2.3.1-1
openssh-client	1:9.2p1-2+deb12u7
openssh-server	1:9.2p1-2+deb12u7
openssh-sftp-server	1:9.2p1-2+deb12u7
openssl	3.0.18-1~deb12u2
os-prober	1.81
parted	3.5-3
passwd	1:4.13+dfsg1-1+deb12u2
patch	2.7.6-7
pavucontrol	5.0-2
pci.ids	0.0~2023.04.11-1
pciutils	1:3.9.0-4
perl	5.36.0-7+deb12u3
perl-base	5.36.0-7+deb12u3
perl-modules-5.36	5.36.0-7+deb12u3
perl-openssl-defaults:amd64	7+b1
pigz	2.6-1
pinentry-curses	1.2.1-1
pipewire:amd64	0.3.65-3+deb12u1
pipewire-bin	0.3.65-3+deb12u1
pipewire-pulse	0.3.65-3+deb12u1
pkexec	122-3
pkg-config:amd64	1.8.1-1
pkgconf:amd64	1.8.1-1
pkgconf-bin	1.8.1-1
plymouth	22.02.122-3
plymouth-label	22.02.122-3
policykit-1-gnome	0.105-8
polkitd	122-3
poppler-data	0.4.12-1
procps	2:4.0.2-3
psmisc	23.6-1
publicsuffix	20230209.2326-1
pulseaudio	16.1+dfsg1-2+b1
pulseaudio-utils	16.1+dfsg1-2+b1
python-apt-common	2.6.0
python3	3.11.2-1+b1
python3-apt	2.6.0
python3-cairo:amd64	1.20.1-5+b1
python3-certifi	2022.9.24-1
python3-chardet	5.1.0+dfsg-2
python3-charset-normalizer	3.0.1-2
python3-cups:amd64	2.0.1-5+b4
python3-cupshelpers	1.5.18-1
python3-dbus	1.3.2-4+b1
python3-debconf	1.5.82
python3-debian	0.1.49
python3-debianbts	4.0.1
python3-dev	3.11.2-1+b1
python3-distro	1.8.0-1
python3-distro-info	1.5+deb12u1
python3-distutils	3.11.2-3
python3-gi	3.42.2-3+b1
python3-httplib2	0.20.4-3
python3-idna	3.3-1+deb12u1
python3-lib2to3	3.11.2-3
python3-markdown-it	2.1.0-5
python3-mdurl	0.1.2-1
python3-minimal	3.11.2-1+b1
python3-netifaces:amd64	0.11.0-2+b1
python3-packaging	23.0-1
python3-pip	23.0.1+dfsg-1
python3-pip-whl	23.0.1+dfsg-1
python3-pkg-resources	66.1.1-1+deb12u2
python3-psutil	5.9.4-1+b1
python3-pycurl	7.45.2-3
python3-pygments	2.14.0+dfsg-1
python3-pyparsing	3.0.9-1
python3-pysimplesoap	1.16.2-5
python3-reportbug	12.0.0
python3-requests	2.28.1+dfsg-1
python3-rich	13.3.1-1
python3-setuptools	66.1.1-1+deb12u2
python3-setuptools-whl	66.1.1-1+deb12u2
python3-six	1.16.0-4
python3-smbc	1.0.23-2+b4
python3-urllib3	1.26.12-1+deb12u3
python3-venv	3.11.2-1+b1
python3-wheel	0.38.4-2
python3-xdg	0.28-2
python3-yaml	6.0-3+b2
python3.11	3.11.2-6+deb12u6
python3.11-dev	3.11.2-6+deb12u6
python3.11-minimal	3.11.2-6+deb12u6
python3.11-venv	3.11.2-6+deb12u6
readline-common	8.2-1.3
reportbug	12.0.0
rpcsvc-proto	1.4.3-1
rsyslog	8.2302.0-1+deb12u1
rtkit	0.13-5
runit-helper	2.15.2
samba-libs:amd64	2:4.17.12+dfsg-0+deb12u3
sane-airscan	0.99.27-1+b1
sane-utils	1.2.1-2
screen	4.9.0-4
sed	4.9-1
sensible-utils	0.0.17+nmu1
sgml-base	1.31
shared-mime-info	2.2-1
shim-helpers-amd64-signed	1+15.8+1~deb12u1
shim-signed:amd64	1.44~1+deb12u1+15.8-1~deb12u1
shim-signed-common	1.44~1+deb12u1+15.8-1~deb12u1
shim-unsigned:amd64	15.8-1~deb12u1
slirp4netns	1.2.0-1
socat	1.7.4.4-2
sound-theme-freedesktop	0.8-2
ssh-import-id	5.10-1
sudo	1.9.13p3-1+deb12u3
system-config-printer	1.5.18-1
system-config-printer-common	1.5.18-1
system-config-printer-udev	1.5.18-1
systemd	252.39-1~deb12u1
systemd-resolved	252.39-1~deb12u1
systemd-sysv	252.39-1~deb12u1
systemd-timesyncd	252.39-1~deb12u1
sysvinit-utils	3.06-4
tango-icon-theme	0.8.90-11
tar	1.34+dfsg-1.2+deb12u1
tcpdump	4.99.3-1
thunar	4.18.4-1
thunar-data	4.18.4-1
thunar-volman	4.18.0-1
traceroute	1:2.1.2-1
tumbler:amd64	4.18.0-1
tumbler-common	4.18.0-1
tzdata	2025b-0+deb12u2
ucf	3.0043+nmu1+deb12u1
udev	252.39-1~deb12u1
udisks2	2.9.4-4+deb12u2
unattended-upgrades	2.9.1+nmu3
update-inetd	4.53
upower	0.99.20-2
usb.ids	2025.07.26-0+deb12u1
usr-is-merged	37~deb12u1
util-linux	2.38.1-5+deb12u3
util-linux-extra	2.38.1-5+deb12u3
uuid-runtime	2.38.1-5+deb12u3
va-driver-all:amd64	2.17.0-1
vdpau-driver-all:amd64	1.5-2
vim	2:9.0.1378-2+deb12u2
vim-common	2:9.0.1378-2+deb12u2
vim-runtime	2:9.0.1378-2+deb12u2
vim-tiny	2:9.0.1378-2+deb12u2
wget	1.21.3-1+deb12u1
whiptail	0.52.23-1+b1
wireplumber	0.4.13-1
x11-apps	7.7+9
x11-common	1:7.7+23
x11-session-utils	7.7+5
x11-utils	7.7+5
x11-xkb-utils	7.7+7
x11-xserver-utils	7.7+9+b1
xauth	1:1.1.2-1
xbase-clients	1:7.7+23
xbitmaps	1.1.1-2.2
xcvt	0.1.2-1
xdg-user-dirs	0.18-1
xdg-utils	1.1.3-4.1
xfce4	4.18
xfce4-appfinder	4.18.0-1
xfce4-helpers	4.18.2-1
xfce4-notifyd	0.7.3-1
xfce4-panel	4.18.2-1
xfce4-pulseaudio-plugin:amd64	0.4.5-1
xfce4-session	4.18.1-1
xfce4-settings	4.18.2-1
xfconf	4.18.0-2
xfdesktop4	4.18.1-1
xfdesktop4-data	4.18.1-1
xfonts-100dpi	1:1.0.5
xfonts-75dpi	1:1.0.5
xfonts-base	1:1.0.5+nmu1
xfonts-encodings	1:1.0.4-2.2
xfonts-scalable	1:1.0.3-1.3
xfonts-utils	1:7.7+6
xfwm4	4.18.0-1
xiccd	0.3.0-2
xinit	1.4.0-1
xkb-data	2.35.1-1
xml-core	0.18+nmu1
xorg	1:7.7+23
xorg-docs-core	1:1.7.1-1.2
xscreensaver	6.06+dfsg1-3+deb12u1
xscreensaver-data	6.06+dfsg1-3+deb12u1
xserver-common	2:21.1.7-3+deb12u11
xserver-xorg	1:7.7+23
xserver-xorg-core	2:21.1.7-3+deb12u11
xserver-xorg-input-all	1:7.7+23
xserver-xorg-input-libinput	1.2.1-1+b1
xserver-xorg-input-wacom	1.1.0-1
xserver-xorg-legacy	2:21.1.7-3+deb12u11
xserver-xorg-video-dummy	1:0.4.0-1
xvfb	2:21.1.7-3+deb12u11
xz-utils	5.4.1-1
zlib1g:amd64	1:1.2.13.dfsg-1
zlib1g-dev:amd64	1:1.2.13.dfsg-1
zstd	1.5.4+dfsg2-5
zutty	0.14.0.20230218+dfsg1-1
